Workbook

Sheet Detail1
A1: Details for Sum of Downtime Minutes - Production Line: Line 1
A3: Date | B3: Employee ID | C3: Employee Name | D3: Shift | E3: Work Order | F3: Product | G3: Operation | H3: Production Line | I3: Units Produced | J3: Target Units | K3: Defective Units | L3: Rework Units | M3: Downtime Minutes | N3: Hours Worked | O3: Supervisor | P3: Productivity % | Q3: Defect Rate | R3: Rework Rate | S3: Units per Labor Hour | T3: Target Status
A4: 46241 | B4: E108 | C4: Emily Davis | D4: 1st | E4: WO-260801 | F4: Control Module B | G4: Testing | H4: Line 1 | I4: 85 | J4: 90 | K4: 6 | L4: 6 | M4: 1 | N4: 8 | O4: Robert King | P4: 0.94444444 | Q4: 0.070588235 | R4: 0.070588235 | S4: 10.625 | T4: below target
A5: 46239 | B5: E107 | C5: Daniel Jackson | D5: 1st | E5: WO-260890 | F5: Sensor Unit C | G5: Assembly | H5: Line 1 | I5: 135 | J5: 120 | K5: 0 | L5: 2 | M5: 14 | N5: 9 | O5: Jennifer Lee | P5: 1.125 | Q5: 0 | R5: 0.014814815 | S5: 15 | T5: met target
A6: 46241 | B6: E107 | C6: Daniel Jackson | D6: 1st | E6: WO-260886 | F6: Sensor Unit C | G6: Packaging | H6: Line 1 | I6: 120 | J6: 120 | K6: 2 | L6: 3 | M6: 46 | N6: 9 | O6: Jennifer Lee | P6: 1 | Q6: 0.016666667 | R6: 0.025 | S6: 13.333333 | T6: met target
A7: 46247 | B7: E102 | C7: Michael Reed | D7: 1st | E7: WO-260882 | F7: Control Module A | G7: Assembly | H7: Line 1 | I7: 125 | J7: 130 | K7: 3 | L7: 3 | M7: 14 | N7: 8 | O7: Jennifer Lee | P7: 0.96153846 | Q7: 0.024 | R7: 0.024 | S7: 15.625 | T7: below target
A8: 46241 | B8: E103 | C8: David Wilson | D8: 1st | E8: WO-260805 | F8: Sensor Unit C | G8: Assembly | H8: Line 1 | I8: 79 | J8: 90 | K8: 4 | L8: 6 | M8: 13 | N8: 8 | O8: Jennifer Lee | P8: 0.87777778 | Q8: 0.050632911 | R8: 0.075949367 | S8: 9.875 | T8: below target
A9: 46244 | B9: E108 | C9: Emily Davis | D9: 1st | E9: WO-260806 | F9: Control Module A | G9: Inspection | H9: Line 1 | I9: 103 | J9: 110 | K9: 4 | L9: 6 | M9: 28 | N9: 7.5 | O9: Robert King | P9: 0.93636364 | Q9: 0.038834951 | R9: 0.058252427 | S9: 13.733333 | T9: below target
A10: 46244 | B10: E102 | C10: Michael Reed | D10: 1st | E10: WO-260881 | F10: Control Module B | G10: Testing | H10: Line 1 | I10: 77 | J10: 90 | K10: 0 | L10: 0 | M10: 8 | N10: 7.5 | O10: Jennifer Lee | P10: 0.85555556 | Q10: 0 | R10: 0 | S10: 10.266667 | T10: below target
A11: 46239 | B11: E104 | C11: Maria Lopez | D11: 1st | E11: WO-260879 | F11: Control Module B | G11: Assembly | H11: Line 1 | I11: 91 | J11: 100 | K11: 6 | L11: 8 | M11: 33 | N11: 9 | O11: Robert King | P11: 0.91 | Q11: 0.065934066 | R11: 0.087912088 | S11: 10.111111 | T11: below target
A12: 46247 | B12: E108 | C12: Emily Davis | D12: 1st | E12: WO-260809 | F12: Sensor Unit C | G12: Assembly | H12: Line 1 | I12: 146 | J12: 130 | K12: 5 | L12: 5 | M12: 10 | N12: 7.5 | O12: Robert King | P12: 1.1230769 | Q12: 0.034246575 | R12: 0.034246575 | S12: 19.466667 | T12: met target
A13: 46239 | B13: E106 | C13: James Brown | D13: 1st | E13: WO-260878 | F13: Control Module A | G13: Inspection | H13: Line 1 | I13: 95 | J13: 100 | K13: 3 | L13: 2 | M13: 12 | N13: 7.5 | O13: Robert King | P13: 0.95 | Q13: 0.031578947 | R13: 0.021052632 | S13: 12.666667 | T13: below target
A14: 46248 | B14: E101 | C14: Ashley Carter | D14: 1st | E14: WO-260877 | F14: Control Module A | G14: Packaging | H14: Line 1 | I14: 111 | J14: 110 | K14: 0 | L14: 0 | M14: 22 | N14: 8 | O14: Jennifer Lee | P14: 1.0090909 | Q14: 0 | R14: 0 | S14: 13.875 | T14: met target
A15: 46238 | B15: E103 | C15: David Wilson | D15: 1st | E15: WO-260812 | F15: Control Module A | G15: Inspection | H15: Line 1 | I15: 91 | J15: 100 | K15: 6 | L15: 7 | M15: 12 | N15: 7.5 | O15: Jennifer Lee | P15: 0.91 | Q15: 0.065934066 | R15: 0.076923077 | S15: 12.133333 | T15: below target
... A37: 46240 | B37: E105 | C37: Sarah Johnson | D37: 1st | E37: WO-260836 | F37: Sensor Unit C | G37: Testing | H37: Line 1 | I37: 121 | J37: 130 | K37: 3 | L37: 2 | M37: 3 | N37: 8 | O37: Robert King | P37: 0.93076923 | Q37: 0.024793388 | R37: 0.016528926 | S37: 15.125 | T37: below target

Sheet Raw Data
A1: Date | B1: Employee ID | C1: Employee Name | D1: Shift | E1: Work Order | F1: Product | G1: Operation | H1: Production Line | I1: Units Produced | J1: Target Units | K1: Defective Units | L1: Rework Units | M1: Downtime Minutes | N1: Hours Worked | O1: Supervisor | P1: Productivity % | Q1: Defect Rate | R1: Rework Rate | S1: Units per Labor Hour | T1: Target Status
A2: 46241 | B2: E108 | C2: Emily Davis | D2: 1st | E2: WO-260801 | F2: Control Module B | G2: Testing | H2: Line 1 | I2: 85 | J2: 90 | K2: 6 | L2: 6 | M2: 1 | N2: 8 | O2: Robert King | P2: =I2/J2 -> 0.94444444 | Q2: =K2/I2 -> 0.070588235 | R2: =L2/I2 -> 0.070588235 | S2: =I2/N2 -> 10.625 | T2: =IF(I2<J2,"below target","met target") -> below target
A3: 46240 | B3: E104 | C3: Maria Lopez | D3: 1st | E3: WO-260802 | F3: Control Module B | G3: Assembly | H3: Line 3 | I3: 141 | J3: 130 | K3: 5 | L3: 6 | M3: 3 | N3: 8 | O3: Robert King | P3: =I3/J3 -> 1.0846154 | Q3: =K3/I3 -> 0.035460993 | R3: =L3/I3 -> 0.042553191 | S3: =I3/N3 -> 17.625 | T3: =IF(I3<J3,"below target","met target") -> met target
A4: 46246 | B4: E101 | C4: Ashley Carter | D4: 1st | E4: WO-260803 | F4: Control Module B | G4: Assembly | H4: Line 3 | I4: 114 | J4: 120 | K4: 10 | L4: 10 | M4: 10 | N4: 8.5 | O4: Jennifer Lee | P4: =I4/J4 -> 0.95 | Q4: =K4/I4 -> 0.087719298 | R4: =L4/I4 -> 0.087719298 | S4: =I4/N4 -> 13.411765 | T4: =IF(I4<J4,"below target","met target") -> below target
A5: 46238 | B5: E103 | C5: David Wilson | D5: 1st | E5: WO-260804 | F5: Control Module B | G5: Inspection | H5: Line 3 | I5: 80 | J5: 90 | K5: 7 | L5: 7 | M5: 2 | N5: 8 | O5: Jennifer Lee | P5: =I5/J5 -> 0.88888889 | Q5: =K5/I5 -> 0.0875 | R5: =L5/I5 -> 0.0875 | S5: =I5/N5 -> 10 | T5: =IF(I5<J5,"below target","met target") -> below target
A6: 46241 | B6: E103 | C6: David Wilson | D6: 1st | E6: WO-260805 | F6: Sensor Unit C | G6: Assembly | H6: Line 1 | I6: 79 | J6: 90 | K6: 4 | L6: 6 | M6: 13 | N6: 8 | O6: Jennifer Lee | P6: =I6/J6 -> 0.87777778 | Q6: =K6/I6 -> 0.050632911 | R6: =L6/I6 -> 0.075949367 | S6: =I6/N6 -> 9.875 | T6: =IF(I6<J6,"below target","met target") -> below target
A7: 46244 | B7: E108 | C7: Emily Davis | D7: 1st | E7: WO-260806 | F7: Control Module A | G7: Inspection | H7: Line 1 | I7: 103 | J7: 110 | K7: 4 | L7: 6 | M7: 28 | N7: 7.5 | O7: Robert King | P7: =I7/J7 -> 0.93636364 | Q7: =K7/I7 -> 0.038834951 | R7: =L7/I7 -> 0.058252427 | S7: =I7/N7 -> 13.733333 | T7: =IF(I7<J7,"below target","met target") -> below target
A8: 46239 | B8: E104 | C8: Maria Lopez | D8: 1st | E8: WO-260807 | F8: Control Module A | G8: Packaging | H8: Line 3 | I8: 75 | J8: 90 | K8: 10 | L8: 11 | M8: 14 | N8: 8 | O8: Robert King | P8: =I8/J8 -> 0.83333333 | Q8: =K8/I8 -> 0.13333333 | R8: =L8/I8 -> 0.14666667 | S8: =I8/N8 -> 9.375 | T8: =IF(I8<J8,"below target","met target") -> below target
A9: 46241 | B9: E102 | C9: Michael Reed | D9: 1st | E9: WO-260808 | F9: Control Module B | G9: Packaging | H9: Line 2 | I9: 130 | J9: 130 | K9: 4 | L9: 4 | M9: 29 | N9: 8 | O9: Jennifer Lee | P9: =I9/J9 -> 1 | Q9: =K9/I9 -> 0.030769231 | R9: =L9/I9 -> 0.030769231 | S9: =I9/N9 -> 16.25 | T9: =IF(I9<J9,"below target","met target") -> met target
A10: 46247 | B10: E108 | C10: Emily Davis | D10: 1st | E10: WO-260809 | F10: Sensor Unit C | G10: Assembly | H10: Line 1 | I10: 146 | J10: 130 | K10: 5 | L10: 5 | M10: 10 | N10: 7.5 | O10: Robert King | P10: =I10/J10 -> 1.1230769 | Q10: =K10/I10 -> 0.034246575 | R10: =L10/I10 -> 0.034246575 | S10: =I10/N10 -> 19.466667 | T10: =IF(I10<J10,"below target","met target") -> met target
A11: 46245 | B11: E107 | C11: Daniel Jackson | D11: 1st | E11: WO-260810 | F11: Sensor Unit C | G11: Packaging | H11: Line 3 | I11: 62 | J11: 90 | K11: 9 | L11: 9 | M11: 47 | N11: 9 | O11: Jennifer Lee | P11: =I11/J11 -> 0.68888889 | Q11: =K11/I11 -> 0.14516129 | R11: =L11/I11 -> 0.14516129 | S11: =I11/N11 -> 6.8888889 | T11: =IF(I11<J11,"below target","met target") -> below target
A12: 46248 | B12: E101 | C12: Ashley Carter | D12: 1st | E12: WO-260811 | F12: Control Module A | G12: Testing | H12: Line 2 | I12: 117 | J12: 100 | K12: 3 | L12: 4 | M12: 30 | N12: 7.5 | O12: Jennifer Lee | P12: =I12/J12 -> 1.17 | Q12: =K12/I12 -> 0.025641026 | R12: =L12/I12 -> 0.034188034 | S12: =I12/N12 -> 15.6 | T12: =IF(I12<J12,"below target","met target") -> met target
A13: 46238 | B13: E103 | C13: David Wilson | D13: 1st | E13: WO-260812 | F13: Control Module A | G13: Inspection | H13: Line 1 | I13: 91 | J13: 100 | K13: 6 | L13: 7 | M13: 12 | N13: 7.5 | O13: Jennifer Lee | P13: =I13/J13 -> 0.91 | Q13: =K13/I13 -> 0.065934066 | R13: =L13/I13 -> 0.076923077 | S13: =I13/N13 -> 12.133333 | T13: =IF(I13<J13,"below target","met target") -> below target
... A91: 46239 | B91: E107 | C91: Daniel Jackson | D91: 1st | E91: WO-260890 | F91: Sensor Unit C | G91: Assembly | H91: Line 1 | I91: 135 | J91: 120 | K91: 0 | L91: 2 | M91: 14 | N91: 9 | O91: Jennifer Lee | P91: =I91/J91 -> 1.125 | Q91: =K91/I91 -> 0 | R91: =L91/I91 -> 0.014814815 | S91: =I91/N91 -> 15 | T91: =IF(I91<J91,"below target","met target") -> met target
F96: =PROPER(F76) -> Sensor Unit C | G96: =PROPER(G31) -> Assembly | H96: =_xlfn.XLOOKUP(C63,$C$2:$C$91,$O$2:$O$91) -> Jennifer Lee

Sheet Analysis
A1: Production Performance Summary
A3: Total Units Produced | B3: =SUM('Raw Data'!I2:I91) -> 9661 | D3: Production Line | E3: Sum of Units Produced | F3: Sum of Rework Units | G3: Sum of Target Units | H3: Sum of Downtime Minutes | J3: Employee Name | K3: Sum of Units Produced | L3: Sum of Target Units | M3: Sum of Defective Units | N3: Sum of Rework Units | O3: Sum of Downtime Minutes | P3: Sum of Hours Worked
A4: Total Target Units | B4: =SUM('Raw Data'!J2:J91) -> 10060 | D4: Line 1 | E4: 3728 | F4: 145 | G4: 3860 | H4: 591 | J4: Ashley Carter | K4: 1269 | L4: 1300 | M4: 48 | N4: 55 | O4: 200 | P4: 88
A5: Total Defective Units | B5: =SUM('Raw Data'!K2:K91) -> 411 | D5: Line 2 | E5: 2713 | F5: 89 | G5: 2810 | H5: 573 | J5: Daniel Jackson | K5: 1711 | L5: 1780 | M5: 77 | N5: 80 | O5: 363 | P5: 133.5
A6: Total Rework Units | B6: =SUM('Raw Data'!L2:L91) -> 452 | D6: Line 3 | E6: 3220 | F6: 218 | G6: 3390 | H6: 507 | J6: David Wilson | K6: 1095 | L6: 1150 | M6: 35 | N6: 47 | O6: 184 | P6: 88
A7: Total Downtime Minutes | B7: =SUM('Raw Data'!M2:M91) -> 1671 | D7: Grand Total | E7: 9661 | F7: 452 | G7: 10060 | H7: 1671 | J7: Emily Davis | K7: 1603 | L7: 1600 | M7: 84 | N7: 88 | O7: 275 | P7: 112
A8: Total Labor Hours | B8: =SUM('Raw Data'!N2:N91) -> 731 | J8: James Brown | K8: 854 | L8: 880 | M8: 41 | N8: 43 | O8: 136 | P8: 63.5
A9: Overall Productivity % | B9: =B3/B4 -> 0.96033797 | J9: Maria Lopez | K9: 1549 | L9: 1660 | M9: 78 | N9: 89 | O9: 286 | P9: 124
A10: Overall Defect Rate | B10: =B5/B3 -> 0.04254218 | D10: Line | E10: Productivity % | F10: Rework Rate | J10: Michael Reed | K10: 1058 | L10: 1150 | M10: 40 | N10: 43 | O10: 182 | P10: 81.5
A11: Overall Rework Rate | B11: =B6/B3 -> 0.046786047 | D11: Line 1 | E11: =E4/G4 -> 0.96580311 | F11: =F4/E4 -> 0.03889485 | J11: Sarah Johnson | K11: 522 | L11: 540 | M11: 8 | N11: 7 | O11: 45 | P11: 40.5
A12: Records That Met Target | B12: =COUNTIF('Raw Data'!T2:T91,"met target") -> 37 | D12: Line 2 | E12: =E5/G5 -> 0.96548043 | F12: =F5/E5 -> 0.032805013 | J12: Grand Total | K12: 9661 | L12: 10060 | M12: 411 | N12: 452 | O12: 1671 | P12: 731
A13: Records Below Target | B13: =COUNTIF('Raw Data'!T2:T91,"below target") -> 53 | D13: Line 3 | E13: =E6/G6 -> 0.94985251 | F13: =F6/E6 -> 0.067701863
A14: Target Attainment % | B14: =B12/(B12+B13) -> 0.41111111
D16: Operation | E16: Sum of Units Produced | F16: Sum of Target Units | G16: Sum of Defective Units | H16: Sum of Rework Units | I16: Sum of Downtime Minutes | K16: Employee Name | L16: Productivity % | M16: Rework Rate | N16: Units per Labor Hour
D17: Assembly | E17: 2603 | F17: 2690 | G17: 123 | H17: 131 | I17: 458 | K17: Ashley Carter | L17: =K4/L4 -> 0.97615385 | M17: =N4/K4 -> 0.043341214 | N17: =K4/P4 -> 14.420455
D18: Inspection | E18: 2118 | F18: 2180 | G18: 97 | H18: 110 | I18: 385 | K18: Daniel Jackson | L18: =K5/L5 -> 0.96123596 | M18: =N5/K5 -> 0.046756283 | N18: =K5/P5 -> 12.816479
D19: Packaging | E19: 2377 | F19: 2500 | G19: 87 | H19: 95 | I19: 421 | K19: David Wilson | L19: =K6/L6 -> 0.95217391 | M19: =N6/K6 -> 0.042922374 | N19: =K6/P6 -> 12.443182
D20: Testing | E20: 2563 | F20: 2690 | G20: 104 | H20: 116 | I20: 407 | K20: Emily Davis | L20: =K7/L7 -> 1.001875 | M20: =N7/K7 -> 0.054897068 | N20: =K7/P7 -> 14.3125
D21: Grand Total | E21: 9661 | F21: 10060 | G21: 411 | H21: 452 | I21: 1671 | K21: James Brown | L21: =K8/L8 -> 0.97045455 | M21: =N8/K8 -> 0.050351288 | N21: =K8/P8 -> 13.448819
K22: Maria Lopez | L22: =K9/L9 -> 0.93313253 | M22: =N9/K9 -> 0.057456423 | N22: =K9/P9 -> 12.491935
D23: Operation | E23: Productivity % | F23: Rework Rate | K23: Micheal Reed | L23: =K10/L10 -> 0.92 | M23: =N10/K10 -> 0.040642722 | N23: =K10/P10 -> 12.981595
D24: Assembly | E24: =E17/F17 -> 0.96765799 | F24: =H17/E17 -> 0.050326546 | K24: Sarah Johnson | L24: =K11/L11 -> 0.96666667 | M24: =N11/K11 -> 0.013409962 | N24: =K11/P11 -> 12.888889
D25: Inspection | E25: =E18/F18 -> 0.97155963 | F25: =H18/E18 -> 0.051935788
D26: Packaging | E26: =E19/F19 -> 0.9508 | F26: =H19/E19 -> 0.039966344
D27: Testing | E27: =E20/F20 -> 0.9527881 | F27: =H20/E20 -> 0.045259462
A29: Management Summary
A30: Based on the completed production analysis, a total of 9,661 units were produced with an overall productivity rate of 96.03%. However, only 41.11% of production records met their target, indicating an opportunity to improve overall target attainment. Production Line 3 should be investigated first because it had the lowest productivity rate at 94.99% and the highest rework rate at 6.77%. At the operation level, Inspection recorded the highest rework rate at 5.19%, while Packaging had the lowest productivity rate at 95.08%. I recommend that Process Engineering investigate the causes of Line 3's elevated rework and lower productivity, with additional monitoring of the Inspection operation to identify factors contributing to rework. Packaging performance should also be reviewed to determine opportunities to increase productivity. Overall, reducing rework and improving production consistency should help increase the facility's target attainment rate.

Sheet Dashboard
I1: Manufacturing Production Performance Dashboard
F3: TOTAL UNITS PRODUCED | J3: OVERALL PRODUCTIVITY | N3: DEFECT RATE
F4: =Analysis!B3 -> 9661 | J4: =Analysis!B9 -> 0.96033797 | N4: =Analysis!B10 -> 0.04254218
F8: REWORK RATE | J8: DOWNTIME | N8: TARGET ATTAINMENT
F9: =Analysis!B11 -> 0.046786047 | J9: =Analysis!B7 -> 1671 | N9: =Analysis!B14 -> 0.41111111

Sheet Dashboard Data
A1: Production Line | B1: Units Produced | C1: Target Units | E1: Production Line | F1: Rework Rate | H1: Operation | I1: Productivity %
A2: Line 1 | B2: 3728 | C2: 3860 | E2: Line 1 | F2: 0.0389 | H2: Assembly | I2: 0.9677
A3: Line 2 | B3: 2713 | C3: 2810 | E3: Line 2 | F3: 0.0328 | H3: Inspection | I3: 0.9716
A4: Line 3 | B4: 3220 | C4: 3390 | E4: Line 3 | F4: 0.0677 | H4: Packaging | I4: 0.9508
H5: Testing | I5: 0.9528
